Issue Type,Summary,Epic Link,Priority,Story Points,Sprint,Description
Epic,Authentication & Account Lifecycle,,High,,,Registration login MFA lockout password reset account activation state
Epic,Role & Permission Administration,,High,,,Admin-defined User-Role-Permission-Resource model role assignment account deactivation
Epic,Access Request & Approval Workflow,,High,,,Self-service requests scoped approval queue approval decisions and their effect
Epic,Audit & Compliance,,Medium,,,Read-only visibility into every security-relevant event
Story,US-01 Register an account,Authentication & Account Lifecycle,Highest,5,Sprint 1,"As a new user, I want to register an account with my email and password, so that I can access the platform."
Story,US-02 Mandatory 2FA setup on first login,Authentication & Account Lifecycle,Highest,8,Sprint 1,"As a registered user, I want to be required to set up two-factor authentication on my first login, so that my account can't be protected by a password alone."
Story,US-03 Account lockout after failed logins,Authentication & Account Lifecycle,Highest,3,Sprint 1,"As a user, I want my account to lock for 15 minutes after 5 consecutive failed login attempts, so that attackers can't brute-force my password."
Story,US-04 Password reset via single-use token,Authentication & Account Lifecycle,Highest,5,Sprint 1,"As a user who forgot my password, I want to request a reset link and set a new password, so that I can regain access without contacting an admin."
Story,US-12 Deactivate/reactivate a user account,Role & Permission Administration,Highest,3,Sprint 1,"As an Administrator, I want to deactivate or reactivate a user account, so that I can immediately revoke access for someone who has left or is under review."
Story,US-05 Define Roles Resources and Permissions,Role & Permission Administration,Highest,5,Sprint 2,"As an Administrator, I want to define Roles, Resources, and Permissions, so that I can model the organization's access-control policy."
Story,US-06 Assign or change a user's Role,Role & Permission Administration,Highest,3,Sprint 2,"As an Administrator, I want to assign or change a user's Role, so that their access reflects their current job function."
Story,US-07 Block privilege-escalation on role assignment,Role & Permission Administration,Highest,5,Sprint 2,"As the system, I want to block a role assignment if the acting admin tries to change their own role or grant Admin without already being an Admin, so that the role-assignment feature can never be used to self-escalate."
Story,US-08 Submit an access request,Access Request & Approval Workflow,Highest,5,Sprint 2,"As a Standard User, I want to browse available permissions and submit an access request with a justification, so that I can get access to resources I need for my job."
Story,US-09 Scoped approval queue,Access Request & Approval Workflow,Highest,5,Sprint 2,"As an Approver, I want to see only the access requests for resources I have approval authority over, so that I'm not shown decisions outside my scope."
Story,US-10 Approve or reject an access request,Access Request & Approval Workflow,Highest,8,Sprint 2,"As an Approver, I want to approve or reject an access request with an optional note, so that the requester understands the decision and an approval takes effect immediately."
Story,US-11 Block self-approval,Access Request & Approval Workflow,Highest,3,Sprint 2,"As the system, I want to prevent a user from approving their own access request, so that holding an unrelated approval permission on the same resource can never be used for self-approval."
Story,US-13 Read-only audit log,Audit & Compliance,High,5,Sprint 2,"As an Auditor, I want to view a read-only, paginated log of every security-relevant event, so that I can verify compliance and investigate incidents without being able to alter history."
